{"bookmarks2D":[{"displayName":"Downtown Calgary","name":"Downtown Calgary","extent":{"type":"extent","xmin":-12702532.374327732,"ymin":6625801.315767419,"xmax":-12692213.375509249,"ymax":6631534.092888799,"spatialReference":{"wkid":102100},"cache":{"_parts":[{"extent":{"type":"extent","xmin":-12702532.374327732,"ymin":6625801.315767419,"xmax":-12692213.375509249,"ymax":6631534.092888799,"spatialReference":{"wkid":102100}},"frameIds":[0]}]}},"thumbnail":"${appPath}/configs/Bookmark/thumbnail1520490614279.jpeg","isInWebmap":false,"isSaveLayers":false,"layerOptions":{"featColl_1235_0":{"selected":true},"featColl_8518_0":{"selected":true},"featColl_4199_0":{"selected":true}},"_uID":6,"isSaveExtent":true},{"displayName":"University of Calgary","name":"University of Calgary","extent":{"type":"extent","xmin":-12706350.844314577,"ymin":6634399.415836909,"xmax":-12703771.094609885,"ymax":6635832.610117293,"spatialReference":{"wkid":102100},"cache":{"_parts":[{"extent":{"type":"extent","xmin":-12706350.844314577,"ymin":6634399.415836909,"xmax":-12703771.094609885,"ymax":6635832.610117293,"spatialReference":{"wkid":102100}},"frameIds":[0]}]}},"thumbnail":"${appPath}/configs/Bookmark/thumbnail1520493639000.png","isInWebmap":false,"isSaveLayers":true,"layerOptions":{"featColl_1235_0":{"selected":true},"featColl_8518_0":{"selected":true},"featColl_4199_0":{"selected":true}},"_uID":7,"isSaveExtent":true},{"displayName":"Harry Hays Building","name":"Harry Hays Building","extent":{"type":"extent","xmin":-12697325.878008269,"ymin":6629953.469836974,"xmax":-12696680.940582167,"ymax":6630311.768407031,"spatialReference":{"wkid":102100},"cache":{"_parts":[{"extent":{"type":"extent","xmin":-12697325.878008269,"ymin":6629953.469836974,"xmax":-12696680.940582167,"ymax":6630311.768407031,"spatialReference":{"wkid":102100}},"frameIds":[0]}]}},"thumbnail":"${appPath}/configs/Bookmark/thumbnail1520493639004.jpeg","isInWebmap":false,"isSaveLayers":false,"layerOptions":{"featColl_1235_0":{"selected":true},"featColl_8518_0":{"selected":true},"featColl_4199_0":{"selected":true}},"_uID":8,"isSaveExtent":true},{"displayName":"Foothills Medical Centre","name":"Foothills Medical Centre","extent":{"type":"extent","xmin":-12706605.308203025,"ymin":6632127.2310076235,"xmax":-12704025.558498332,"ymax":6633560.425288008,"spatialReference":{"wkid":102100},"cache":{"_parts":[{"extent":{"type":"extent","xmin":-12706605.308203025,"ymin":6632127.2310076235,"xmax":-12704025.558498332,"ymax":6633560.425288008,"spatialReference":{"wkid":102100}},"frameIds":[0]}]}},"thumbnail":"${appPath}/configs/Bookmark/thumbnail1520493639006.jpeg","isInWebmap":false,"isSaveLayers":false,"layerOptions":{"featColl_1235_0":{"selected":true},"featColl_8518_0":{"selected":true},"featColl_4199_0":{"selected":true}},"_uID":9,"isSaveExtent":true},{"displayName":"Bow Valley College","name":"Bow Valley College","extent":{"type":"extent","xmin":-12697060.48812224,"ymin":6629571.27913073,"xmax":-12696415.550696138,"ymax":6629929.577700787,"spatialReference":{"wkid":102100},"cache":{"_parts":[{"extent":{"type":"extent","xmin":-12697060.48812224,"ymin":6629571.27913073,"xmax":-12696415.550696138,"ymax":6629929.577700787,"spatialReference":{"wkid":102100}},"frameIds":[0]}]}},"thumbnail":"${appPath}/configs/Bookmark/thumbnail1520538814297.jpeg","isInWebmap":false,"isSaveLayers":true,"layerOptions":{"Buffer of Medical_7836":{"selected":true},"Buffer of Recreation_3840":{"selected":true},"Buffer of Immigration 1_5978":{"selected":true},"featColl_1235_0":{"selected":true},"featColl_8518_0":{"selected":true},"featColl_4199_0":{"selected":true}},"_uID":10,"isSaveExtent":true},{"displayName":"Calgary Airport","name":"Calgary Airport","extent":{"type":"extent","xmin":-12701610.111447858,"ymin":6637556.738582233,"xmax":-12680972.113810888,"ymax":6649022.292824995,"spatialReference":{"wkid":102100},"cache":{"_parts":[{"extent":{"type":"extent","xmin":-12701610.111447858,"ymin":6637556.738582233,"xmax":-12680972.113810888,"ymax":6649022.292824995,"spatialReference":{"wkid":102100}},"frameIds":[0]}]}},"thumbnail":"${appPath}/configs/Bookmark/thumbnail1520559758444.jpeg","isInWebmap":false,"isSaveLayers":false,"layerOptions":{"Buffer of Health Services_9440":{"selected":true},"Buffer of Employment and Careers_580":{"selected":true},"Buffer of Recreation_8507":{"selected":true},"Buffer of Transportation_5883":{"selected":true},"Buffer of Childcare_1674":{"selected":true},"Buffer of Immigration_1322":{"selected":true},"Buffer of Daily Needs_893":{"selected":true},"Buffer of English Language_7131":{"selected":true},"Health_Services_5010":{"selected":true},"English_Language_4895":{"selected":true},"Daily_Needs_7774":{"selected":true},"Immigration_6479":{"selected":true},"Childcare_2253":{"selected":true},"Transportation_8935":{"selected":true},"Recreation_8794":{"selected":true},"Employment_and_Careers_716":{"selected":true}},"_uID":11}],"bookmarks3D":[],"layout":{"cards":true,"list":true,"defaultMode":"cards"},"editable":false,"syncMode":{"webmap":false,"custom":true},"isSaveLayerVisibility":false}
